datetime,tradePrice,change,changePrice
2012-12-18,1993.09,RISE,10.02
2012-12-20,1999.50,RISE,6.41
2012-12-21,1980.42,FALL,19.08
2012-12-24,1981.82,RISE,1.40
2012-12-26,1982.25,RISE,0.43
2012-12-27,1987.35,RISE,5.10
2012-12-28,1997.05,RISE,9.70
2013-01-02,2031.10,RISE,34.05
2013-01-03,2019.41,FALL,11.69
2013-01-04,2011.94,FALL,7.47
2013-01-07,2011.25,FALL,0.69
2013-01-08,1997.94,FALL,13.31
2013-01-09,1991.81,FALL,6.13
2013-01-10,2006.80,RISE,14.99
2013-01-11,1996.67,FALL,10.13
2013-01-14,2007.04,RISE,10.37
2013-01-15,1983.74,FALL,23.30
2013-01-16,1977.45,FALL,6.29
2013-01-17,1974.27,FALL,3.18
2013-01-18,1987.85,RISE,13.58
2013-01-21,1986.86,FALL,0.99
2013-01-22,1996.52,RISE,9.66
2013-01-23,1980.41,FALL,16.11
2013-01-24,1964.48,FALL,15.93
2013-01-25,1946.69,FALL,17.79
2013-01-28,1939.71,FALL,6.98
2013-01-29,1955.96,RISE,16.25
2013-01-30,1964.43,RISE,8.47
2013-01-31,1961.94,FALL,2.49
2013-02-01,1957.79,FALL,4.15
2013-02-04,1953.21,FALL,4.58
2013-02-05,1938.18,FALL,15.03
2013-02-06,1936.19,FALL,1.99
2013-02-07,1931.77,FALL,4.42
2013-02-08,1950.90,RISE,19.13
2013-02-12,1945.79,FALL,5.11
2013-02-13,1976.07,RISE,30.28
2013-02-14,1979.61,RISE,3.54
2013-02-15,1981.18,RISE,1.57
2013-02-18,1981.91,RISE,0.73
2013-02-19,1985.83,RISE,3.92
2013-02-20,2024.64,RISE,38.81
2013-02-21,2015.22,FALL,9.42
2013-02-22,2018.89,RISE,3.67
2013-02-25,2009.52,FALL,9.37
2013-02-26,2000.01,FALL,9.51
2013-02-27,2004.04,RISE,4.03
2013-02-28,2026.49,RISE,22.45
2013-03-04,2013.15,FALL,13.34
2013-03-05,2016.61,RISE,3.46
2013-03-06,2020.74,RISE,4.13
2013-03-07,2004.40,FALL,16.34
2013-03-08,2006.01,RISE,1.61
2013-03-11,2003.35,FALL,2.66
2013-03-12,1993.34,FALL,10.01
2013-03-13,1999.73,RISE,6.39
2013-03-14,2002.13,RISE,2.40
2013-03-15,1986.50,FALL,15.63
2013-03-18,1968.18,FALL,18.32
2013-03-19,1978.56,RISE,10.38
2013-03-20,1959.41,FALL,19.15
2013-03-21,1950.82,FALL,8.59
2013-03-22,1948.71,FALL,2.11
2013-03-25,1977.67,RISE,28.96
2013-03-26,1983.70,RISE,6.03
2013-03-27,1993.44,RISE,9.74
2013-03-28,1993.52,RISE,0.08
2013-03-29,2004.89,RISE,11.37
2013-04-01,1995.99,FALL,8.90
2013-04-02,1986.15,FALL,9.84
2013-04-03,1983.22,FALL,2.93
2013-04-04,1959.45,FALL,23.77
2013-04-05,1927.23,FALL,32.22
2013-04-08,1918.69,FALL,8.54
2013-04-09,1920.74,RISE,2.05
2013-04-10,1935.58,RISE,14.84
2013-04-11,1949.80,RISE,14.22
2013-04-12,1924.23,FALL,25.57
2013-04-15,1920.45,FALL,3.78
2013-04-16,1922.21,RISE,1.76
2013-04-17,1923.84,RISE,1.63
2013-04-18,1900.06,FALL,23.78
2013-04-19,1906.75,RISE,6.69
2013-04-22,1926.31,RISE,19.56
2013-04-23,1918.63,FALL,7.68
2013-04-24,1935.31,RISE,16.68
2013-04-25,1951.60,RISE,16.29
2013-04-26,1944.56,FALL,7.04
2013-04-29,1940.70,FALL,3.86
2013-04-30,1963.95,RISE,23.25
2013-05-02,1957.21,FALL,6.74
2013-05-03,1965.71,RISE,8.50
2013-05-06,1961.48,FALL,4.23
2013-05-07,1954.35,FALL,7.13
2013-05-08,1956.45,RISE,2.10
2013-05-09,1979.45,RISE,23.00
2013-05-10,1944.75,FALL,34.70
2013-05-13,1948.70,RISE,3.95
2013-05-14,1968.83,RISE,20.13
2013-05-15,1971.26,RISE,2.43
2013-05-16,1986.81,RISE,15.55
2013-05-20,1982.43,FALL,4.38
2013-05-21,1981.09,FALL,1.34
2013-05-22,1993.83,RISE,12.74
2013-05-23,1969.19,FALL,24.64
2013-05-24,1973.45,RISE,4.26
2013-05-27,1979.97,RISE,6.52
2013-05-28,1986.22,RISE,6.25
2013-05-29,2001.20,RISE,14.98
2013-05-30,2000.10,FALL,1.10
2013-05-31,2001.05,RISE,0.95
2013-06-03,1989.57,FALL,11.48
2013-06-04,1989.51,FALL,0.06
2013-06-05,1959.19,FALL,30.32
2013-06-07,1923.85,FALL,35.34
2013-06-10,1932.70,RISE,8.85
2013-06-11,1920.68,FALL,12.02
2013-06-12,1909.91,FALL,10.77
2013-06-13,1882.73,FALL,27.18
2013-06-14,1889.24,RISE,6.51
2013-06-17,1883.10,FALL,6.14
2013-06-18,1900.62,RISE,17.52
2013-06-19,1888.31,FALL,12.31
2013-06-20,1850.49,FALL,37.82
2013-06-21,1822.83,FALL,27.66
2013-06-24,1799.01,FALL,23.82
2013-06-25,1780.63,FALL,18.38
2013-06-26,1783.45,RISE,2.82
2013-06-28,1863.32,RISE,28.62
2013-07-01,1855.73,FALL,7.59
2013-07-02,1855.02,FALL,0.71
2013-07-03,1824.66,FALL,30.36
2013-07-04,1839.14,RISE,14.48
2013-07-05,1833.31,FALL,5.83
2013-07-08,1816.85,FALL,16.46
2013-07-09,1830.35,RISE,13.50
2013-07-10,1824.16,FALL,6.19
2013-07-11,1877.60,RISE,53.44
2013-07-12,1869.98,FALL,7.62
2013-07-15,1875.16,RISE,5.18
2013-07-16,1866.36,FALL,8.80
2013-07-17,1887.49,RISE,21.13
2013-07-18,1875.48,FALL,12.01
2013-07-19,1871.41,FALL,4.07
2013-07-22,1880.35,RISE,8.94
2013-07-23,1904.15,RISE,23.80
2013-07-24,1912.08,RISE,7.93
2013-07-25,1909.61,FALL,2.47
2013-07-26,1910.81,RISE,1.20
2013-07-29,1899.89,FALL,10.92
2013-07-30,1917.05,RISE,17.16
2013-07-31,1914.03,FALL,3.02
2013-08-01,1920.74,RISE,6.71
2013-08-02,1923.38,RISE,2.64
2013-08-05,1916.22,FALL,7.16
2013-08-06,1906.62,FALL,9.60
2013-08-07,1878.33,FALL,28.29
2013-08-08,1883.97,RISE,5.64
2013-08-09,1880.71,FALL,3.26
2013-08-12,1884.83,RISE,4.12
2013-08-13,1913.03,RISE,28.20
2013-08-14,1923.91,RISE,10.88
2013-08-16,1920.11,FALL,3.80
2013-08-19,1917.64,FALL,2.47
2013-08-20,1887.85,FALL,29.79
2013-08-21,1867.46,FALL,20.39
2013-08-22,1849.12,FALL,18.34
2013-08-23,1870.16,RISE,21.04
2013-08-26,1887.86,RISE,17.70
2013-08-27,1885.84,FALL,2.02
2013-08-28,1884.52,FALL,1.32
2013-08-29,1907.54,RISE,23.02
2013-08-30,1926.36,RISE,18.82
2013-09-02,1924.81,FALL,1.55
2013-09-03,1933.74,RISE,8.93
2013-09-04,1933.03,FALL,0.71
2013-09-05,1951.65,RISE,18.62
2013-09-06,1955.31,RISE,3.66
2013-09-09,1974.67,RISE,19.36
2013-09-10,1994.06,RISE,19.39
2013-09-11,2003.85,RISE,9.79
2013-09-12,2004.06,RISE,0.21
2013-09-13,1994.32,FALL,9.74
2013-09-16,2013.37,RISE,19.05
2013-09-17,2005.58,FALL,7.79
2013-09-23,2009.41,RISE,3.83
2013-09-24,2007.10,FALL,2.31
2013-09-25,1998.06,FALL,9.04
2013-09-26,2007.32,RISE,9.26
2013-09-27,2011.80,RISE,4.48
2013-09-30,1996.96,FALL,14.84
2013-10-01,1998.87,RISE,1.91
2013-10-02,1999.47,RISE,0.60
2013-10-04,1996.98,FALL,2.49
2013-10-07,1994.42,FALL,2.56
2013-10-08,2002.76,RISE,8.34
2013-10-10,2001.40,FALL,1.36
2013-10-11,2024.90,RISE,23.50
2013-10-14,2020.27,FALL,4.63
2013-10-15,2040.96,RISE,20.69
2013-10-16,2034.61,FALL,6.35
2013-10-17,2040.61,RISE,6.00
2013-10-18,2052.40,RISE,11.79
2013-10-21,2053.01,RISE,0.61
2013-10-22,2056.12,RISE,3.11
2013-10-23,2035.75,FALL,20.37
2013-10-24,2046.69,RISE,10.94
2013-10-25,2034.39,FALL,12.30
2013-10-28,2048.14,RISE,13.75
2013-10-29,2051.76,RISE,3.62
2013-10-30,2059.58,RISE,7.82
2013-10-31,2030.09,FALL,29.49
2013-11-01,2039.42,RISE,9.33
2013-11-04,2025.17,FALL,14.25
2013-11-05,2013.93,FALL,11.24
2013-11-06,2013.67,FALL,0.26
2013-11-07,2004.04,FALL,9.63
2013-11-08,1984.87,FALL,19.17
2013-11-11,1977.30,FALL,7.57
2013-11-12,1995.48,RISE,18.18
2013-11-13,1963.56,FALL,31.92
2013-11-14,1967.56,RISE,4.00
2013-11-15,2005.64,RISE,38.08
2013-11-18,2010.81,RISE,5.17
2013-11-19,2031.64,RISE,20.83
2013-11-20,2017.24,FALL,14.40
2013-11-21,1993.78,FALL,23.46
2013-11-22,2006.23,RISE,12.45
2013-11-25,2015.98,RISE,9.75
2013-11-26,2022.64,RISE,6.66
2013-11-27,2028.81,RISE,6.17
2013-11-28,2045.77,RISE,16.96
2013-11-29,2044.87,FALL,0.90
2013-12-02,2030.78,FALL,14.09
2013-12-03,2009.36,FALL,21.42
2013-12-04,1986.80,FALL,22.56
2013-12-05,1984.77,FALL,2.03
2013-12-06,1980.41,FALL,4.36
2013-12-09,2000.38,RISE,19.97
2013-12-10,1993.45,FALL,6.93
2013-12-11,1977.97,FALL,15.48
2013-12-12,1967.93,FALL,10.04
2013-12-13,1962.91,FALL,5.02
2013-12-16,1961.15,FALL,1.76
2013-12-17,1965.74,RISE,4.59
2013-12-18,1974.63,RISE,8.89
2013-12-19,1975.65,RISE,1.02
2013-12-20,1983.35,RISE,7.70
2013-12-23,1996.89,RISE,13.54
2013-12-24,2001.59,RISE,4.70
2013-12-26,1999.30,FALL,2.29
2013-12-27,2002.28,RISE,2.98
2013-12-30,2011.34,RISE,9.06
2014-01-02,1967.19,FALL,44.15
2014-01-03,1946.14,FALL,21.05
2014-01-06,1953.28,RISE,7.14
2014-01-07,1959.44,RISE,6.16
2014-01-08,1958.96,FALL,0.48
2014-01-09,1946.11,FALL,12.85
2014-01-10,1938.54,FALL,7.57
2014-01-13,1948.92,RISE,10.38
2014-01-14,1946.07,FALL,2.85
2014-01-15,1953.28,RISE,7.21
2014-01-16,1957.32,RISE,4.04
2014-01-17,1944.48,FALL,12.84
2014-01-20,1953.78,RISE,9.30
2014-01-21,1963.89,RISE,10.11
2014-01-22,1970.42,RISE,6.53
2014-01-23,1947.59,FALL,22.83
2014-01-24,1940.56,FALL,7.03
2014-01-27,1910.34,FALL,30.22
2014-01-28,1916.93,RISE,6.59
2014-01-29,1941.15,RISE,24.22
2014-02-03,1919.96,FALL,21.19
2014-02-04,1886.85,FALL,33.11
2014-02-05,1891.32,RISE,4.47
2014-02-06,1907.89,RISE,16.57
2014-02-07,1922.50,RISE,14.61
2014-02-10,1923.30,RISE,0.80
2014-02-11,1932.06,RISE,8.76
2014-02-12,1935.84,RISE,3.78
2014-02-13,1926.96,FALL,8.88
2014-02-14,1940.28,RISE,13.32
2014-02-17,1946.36,RISE,6.08
2014-02-18,1946.91,RISE,0.55
2014-02-19,1942.93,FALL,3.98
2014-02-20,1930.57,FALL,12.36
2014-02-21,1957.83,RISE,27.26
2014-02-24,1949.05,FALL,8.78
2014-02-25,1964.86,RISE,15.81
2014-02-26,1970.77,RISE,5.91
2014-02-27,1978.43,RISE,7.66
2014-02-28,1979.99,RISE,1.56
2014-03-03,1964.69,FALL,15.30
2014-03-04,1954.11,FALL,10.58
2014-03-05,1971.24,RISE,17.13
2014-03-06,1975.62,RISE,4.38
2014-03-07,1974.68,FALL,0.94
2014-03-10,1954.42,FALL,20.26
2014-03-11,1963.87,RISE,9.45
2014-03-12,1932.54,FALL,31.33
2014-03-13,1934.38,RISE,1.84
2014-03-14,1919.90,FALL,14.48
2014-03-17,1927.53,RISE,7.63
2014-03-18,1940.21,RISE,12.68
2014-03-19,1937.68,FALL,2.53
2014-03-20,1919.52,FALL,18.16
2014-03-21,1934.94,RISE,15.42
2014-03-24,1945.55,RISE,10.61
2014-03-25,1941.25,FALL,4.30
2014-03-26,1964.31,RISE,23.06
2014-03-27,1977.97,RISE,13.66
2014-03-28,1981.00,RISE,3.03
2014-03-31,1985.61,RISE,4.61
2014-04-01,1991.98,RISE,6.37
2014-04-02,1997.25,RISE,5.27
2014-04-03,1993.70,FALL,3.55
2014-04-04,1988.09,FALL,5.61
2014-04-07,1989.70,RISE,1.61
2014-04-08,1993.03,RISE,3.33
2014-04-09,1998.95,RISE,5.92
2014-04-10,2008.61,RISE,9.66
2014-04-11,1997.44,FALL,11.17
2014-04-14,1997.02,FALL,0.42
2014-04-15,1992.27,FALL,4.75
2014-04-16,1992.21,FALL,0.06
2014-04-17,1992.05,FALL,0.16
2014-04-18,2004.28,RISE,12.23
2014-04-21,1999.22,FALL,5.06
2014-04-22,2004.22,RISE,5.00
2014-04-23,2000.37,FALL,3.85
2014-04-24,1998.34,FALL,2.03
2014-04-25,1971.66,FALL,26.68
2014-04-28,1969.26,FALL,2.40
2014-04-29,1964.77,FALL,4.49
2014-04-30,1961.79,FALL,2.98
2014-05-02,1959.44,FALL,2.35
2014-05-07,1939.88,FALL,19.56
2014-05-08,1950.60,RISE,10.72
2014-05-09,1956.55,RISE,5.95
2014-05-12,1964.94,RISE,8.39
2014-05-13,1982.93,RISE,17.99
2014-05-14,2010.83,RISE,27.90
2014-05-15,2010.20,FALL,0.63
2014-05-16,2013.44,RISE,3.24
2014-05-19,2015.14,RISE,1.70
2014-05-20,2011.26,FALL,3.88
2014-05-21,2008.33,FALL,2.93
2014-05-22,2015.59,RISE,7.26
2014-05-23,2017.17,RISE,1.58
2014-05-26,2010.35,FALL,6.82
2014-05-27,1997.63,FALL,12.72
2014-05-28,2017.06,RISE,19.43
2014-05-29,2012.26,FALL,4.80
2014-05-30,1994.96,FALL,17.30
2014-06-02,2002.00,RISE,7.04
2014-06-03,2008.56,RISE,6.56
2014-06-05,1995.48,FALL,13.08
2014-06-09,1990.04,FALL,5.44
2014-06-10,2011.80,RISE,21.76
2014-06-11,2014.67,RISE,2.87
2014-06-12,2011.65,FALL,3.02
2014-06-13,1990.85,FALL,20.80
2014-06-16,1993.59,RISE,2.74
2014-06-17,2001.55,RISE,7.96
2014-06-18,1989.49,FALL,12.06
2014-06-19,1992.03,RISE,2.54
2014-06-20,1968.07,FALL,23.96
2014-06-23,1974.92,RISE,6.85
2014-06-24,1994.35,RISE,19.43
2014-06-25,1981.77,FALL,12.58
2014-06-26,1995.05,RISE,13.28
2014-06-27,1988.51,FALL,6.54
2014-06-30,2002.21,RISE,13.70
2014-07-01,1999.00,FALL,3.21
2014-07-02,2015.28,RISE,16.28
2014-07-03,2010.97,FALL,4.31
2014-07-04,2009.66,FALL,1.31
2014-07-07,2005.12,FALL,4.54
2014-07-08,2006.66,RISE,1.54
2014-07-09,2000.50,FALL,6.16
2014-07-10,2002.84,RISE,2.34
2014-07-11,1988.74,FALL,14.10
2014-07-14,1993.88,RISE,5.14
2014-07-15,2012.72,RISE,18.84
2014-07-16,2013.48,RISE,0.76
2014-07-17,2020.90,RISE,7.42
2014-07-18,2019.42,FALL,1.48
2014-07-21,2018.50,FALL,0.92
2014-07-22,2028.93,RISE,10.43
2014-07-23,2028.32,FALL,0.61
2014-07-24,2026.62,FALL,1.70
2014-07-25,2033.85,RISE,7.23
2014-07-28,2048.81,RISE,14.96
2014-07-29,2061.97,RISE,13.16
2014-07-30,2082.61,RISE,20.64
2014-07-31,2076.12,FALL,6.49
2014-08-01,2073.10,FALL,3.02
2014-08-04,2080.42,RISE,7.32
2014-08-05,2066.26,FALL,14.16
2014-08-06,2060.73,FALL,5.53
2014-08-07,2054.51,FALL,6.22
2014-08-08,2031.10,FALL,23.41
2014-08-11,2039.37,RISE,8.27
2014-08-12,2041.47,RISE,2.10
2014-08-13,2062.36,RISE,20.89
2014-08-14,2063.22,RISE,0.86
2014-08-18,2053.13,FALL,10.09
2014-08-19,2071.14,RISE,18.01
2014-08-20,2072.78,RISE,1.64
2014-08-21,2044.21,FALL,28.57
2014-08-22,2056.70,RISE,12.49
2014-08-25,2060.89,RISE,4.19
2014-08-26,2068.05,RISE,7.16
2014-08-27,2074.93,RISE,6.88
2014-08-28,2075.76,RISE,0.83
2014-08-29,2068.54,FALL,7.22
2014-09-01,2067.86,FALL,0.68
2014-09-02,2051.58,FALL,16.28
2014-09-03,2051.20,FALL,0.38
2014-09-04,2056.26,RISE,5.06
2014-09-05,2049.41,FALL,6.85
2014-09-11,2034.16,FALL,15.25
2014-09-12,2041.86,RISE,7.70
2014-09-15,2035.82,FALL,6.04
2014-09-16,2042.92,RISE,7.10
2014-09-17,2062.61,RISE,19.69
2014-09-18,2047.74,FALL,14.87
2014-09-19,2053.82,RISE,6.08
2014-09-22,2039.27,FALL,14.55
2014-09-23,2028.91,FALL,10.36
2014-09-24,2035.64,RISE,6.73
2014-09-25,2034.11,FALL,1.53
2014-09-26,2031.64,FALL,2.47
2014-09-29,2026.60,FALL,5.04
2014-09-30,2020.09,FALL,6.51
2014-10-01,1991.54,FALL,28.55
2014-10-02,1976.16,FALL,15.38
2014-10-06,1968.39,FALL,7.77
2014-10-07,1972.91,RISE,4.52
2014-10-08,1965.25,FALL,7.66
2014-10-10,1940.92,FALL,24.33
2014-10-13,1927.21,FALL,13.71
2014-10-14,1929.25,RISE,2.04
2014-10-15,1925.91,FALL,3.34
2014-10-16,1918.83,FALL,7.08
2014-10-17,1900.66,FALL,18.17
2014-10-20,1930.06,RISE,29.40
2014-10-21,1915.28,FALL,14.78
2014-10-22,1936.97,RISE,21.69
2014-10-23,1931.65,FALL,5.32
2014-10-24,1925.69,FALL,5.96
2014-10-27,1931.97,RISE,6.28
2014-10-28,1925.68,FALL,6.29
2014-10-29,1961.17,RISE,35.49
2014-10-30,1958.93,FALL,2.24
2014-10-31,1964.43,RISE,5.50
2014-11-03,1952.97,FALL,11.46
2014-11-04,1935.19,FALL,17.78
2014-11-05,1931.43,FALL,3.76
2014-11-06,1936.48,RISE,5.05
2014-11-07,1939.87,RISE,3.39
2014-11-10,1958.23,RISE,18.36
2014-11-11,1963.00,RISE,4.77
2014-11-12,1967.27,RISE,4.27
2014-11-13,1960.51,FALL,6.76
2014-11-14,1945.14,FALL,15.37
2014-11-17,1943.63,FALL,1.51
2014-11-18,1967.01,RISE,23.38
2014-11-19,1966.87,FALL,0.14
2014-11-20,1958.04,FALL,8.83
2014-11-21,1964.84,RISE,6.80
2014-11-24,1978.54,RISE,13.70
2014-11-25,1980.21,RISE,1.67
2014-11-26,1980.84,RISE,0.63
2014-11-27,1982.09,RISE,1.25
2014-11-28,1980.78,FALL,1.31
2014-12-01,1965.22,FALL,15.56
2014-12-02,1965.83,RISE,0.61
2014-12-03,1969.91,RISE,4.08
2014-12-04,1986.61,RISE,16.70
2014-12-05,1986.62,RISE,0.01
2014-12-08,1978.95,FALL,7.67
2014-12-09,1970.95,FALL,8.00
2014-12-10,1945.56,FALL,25.39
2014-12-11,1916.59,FALL,28.97
2014-12-12,1921.71,RISE,5.12
2014-12-15,1920.36,FALL,1.35
2014-12-16,1904.13,FALL,16.23
2014-12-17,1900.16,FALL,3.97
2014-12-18,1897.50,FALL,2.66
2014-12-19,1929.98,RISE,32.48
2014-12-22,1943.12,RISE,13.14
2014-12-23,1939.02,FALL,4.10
2014-12-24,1946.61,RISE,7.59
2014-12-26,1948.16,RISE,1.55
2014-12-29,1927.86,FALL,20.30
2014-12-30,1915.59,FALL,12.27
2015-01-02,1926.44,RISE,10.85
2015-01-05,1915.75,FALL,10.69
2015-01-06,1882.45,FALL,33.30
2015-01-07,1883.83,RISE,1.38
2015-01-08,1904.65,RISE,20.82
2015-01-09,1924.70,RISE,20.05
2015-01-12,1920.95,FALL,3.75
2015-01-13,1917.14,FALL,3.81
2015-01-14,1913.66,FALL,3.48
2015-01-15,1914.14,RISE,0.48
2015-01-16,1888.13,FALL,26.01
2015-01-19,1902.62,RISE,14.49
2015-01-20,1918.31,RISE,15.69
2015-01-21,1921.23,RISE,2.92
2015-01-22,1920.82,FALL,0.41
2015-01-23,1936.09,RISE,15.27
2015-01-26,1935.68,FALL,0.41
2015-01-27,1952.40,RISE,16.72
2015-01-28,1961.58,RISE,9.18
2015-01-29,1951.02,FALL,10.56
2015-01-30,1949.26,FALL,1.76
2015-02-02,1952.68,RISE,3.42
2015-02-03,1951.96,FALL,0.72
2015-02-04,1962.79,RISE,10.83
2015-02-05,1952.84,FALL,9.95
2015-02-06,1955.52,RISE,2.68
2015-02-09,1947.00,FALL,8.52
2015-02-10,1935.86,FALL,11.14
2015-02-11,1945.70,RISE,9.84
2015-02-12,1941.63,FALL,4.07
2015-02-13,1957.50,RISE,15.87
2015-02-16,1958.23,RISE,0.73
2015-02-17,1961.45,RISE,3.22
2015-02-23,1968.39,RISE,6.94
2015-02-24,1976.12,RISE,7.73
2015-02-25,1990.47,RISE,14.35
2015-02-26,1993.08,RISE,2.61
2015-02-27,1985.80,FALL,7.28
2015-03-02,1996.81,RISE,11.01
2015-03-03,2001.38,RISE,4.57
2015-03-04,1998.29,FALL,3.09
2015-03-05,1998.38,RISE,0.09
2015-03-06,2012.94,RISE,14.56
2015-03-09,1992.82,FALL,20.12
2015-03-10,1984.77,FALL,8.05
2015-03-11,1980.83,FALL,3.94
2015-03-12,1970.59,FALL,10.24
2015-03-13,1985.79,RISE,15.20
2015-03-16,1987.33,RISE,1.54
2015-03-17,2029.91,RISE,42.58
2015-03-18,2028.45,FALL,1.46
2015-03-19,2037.89,RISE,9.44
2015-03-20,2037.24,FALL,0.65
2015-03-23,2036.59,FALL,0.65
2015-03-24,2041.37,RISE,4.78
2015-03-25,2042.81,RISE,1.44
2015-03-26,2022.56,FALL,20.25
2015-03-27,2019.80,FALL,2.76
2015-03-30,2030.04,RISE,10.24
2015-03-31,2041.03,RISE,10.99
2015-04-01,2028.45,FALL,12.58
2015-04-02,2029.07,RISE,0.62
2015-04-03,2045.42,RISE,16.35
2015-04-06,2046.43,RISE,1.01
2015-04-07,2047.03,RISE,0.60
2015-04-08,2059.26,RISE,12.23
2015-04-09,2058.87,FALL,0.39
2015-04-10,2087.76,RISE,28.89
2015-04-13,2098.92,RISE,11.16
2015-04-14,2111.72,RISE,12.80
2015-04-15,2119.96,RISE,8.24
2015-04-16,2139.90,RISE,19.94
2015-04-17,2143.50,RISE,3.60
2015-04-20,2146.71,RISE,3.21
2015-04-21,2144.79,FALL,1.92
2015-04-22,2143.89,FALL,0.90
2015-04-23,2173.41,RISE,29.52
2015-04-24,2159.80,FALL,13.61
2015-04-27,2157.54,FALL,2.26
2015-04-28,2147.67,FALL,9.87
2015-04-29,2142.63,FALL,5.04
2015-04-30,2127.17,FALL,15.46
2015-05-04,2132.23,RISE,5.06
2015-05-06,2104.58,FALL,27.65
2015-05-07,2091.00,FALL,13.58
2015-05-08,2085.52,FALL,5.48
2015-05-11,2097.38,RISE,11.86
2015-05-12,2096.77,FALL,0.61
2015-05-13,2114.16,RISE,17.39
2015-05-14,2120.33,RISE,6.17
2015-05-15,2106.50,FALL,13.83
2015-05-18,2113.72,RISE,7.22
2015-05-19,2120.85,RISE,7.13
2015-05-20,2139.54,RISE,18.69
2015-05-21,2122.81,FALL,16.73
2015-05-22,2146.10,RISE,23.29
2015-05-26,2143.50,FALL,2.60
2015-05-27,2107.50,FALL,36.00
2015-05-28,2110.89,RISE,3.39
2015-05-29,2114.80,RISE,3.91
2015-06-01,2102.37,FALL,12.43
2015-06-02,2078.64,FALL,23.73
2015-06-03,2063.16,FALL,15.48
2015-06-04,2072.86,RISE,9.70
2015-06-05,2068.10,FALL,4.76
2015-06-08,2065.19,FALL,2.91
2015-06-09,2064.03,FALL,1.16
2015-06-10,2051.32,FALL,12.71
2015-06-11,2056.61,RISE,5.29
2015-06-12,2052.17,FALL,4.44
2015-06-15,2042.32,FALL,9.85
2015-06-16,2028.72,FALL,13.60
2015-06-17,2034.86,RISE,6.14
2015-06-18,2041.88,RISE,7.02
2015-06-19,2046.96,RISE,5.08
2015-06-22,2055.16,RISE,8.20
2015-06-23,2081.20,RISE,26.04
2015-06-24,2085.53,RISE,4.33
2015-06-25,2085.06,FALL,0.47
2015-06-26,2090.26,RISE,5.20
2015-06-29,2060.49,FALL,29.77
2015-06-30,2074.20,RISE,13.71
2015-07-01,2097.89,RISE,23.69
2015-07-02,2107.33,RISE,9.44
2015-07-03,2104.41,FALL,2.92
2015-07-06,2053.93,FALL,50.48
2015-07-07,2040.29,FALL,13.64
2015-07-08,2016.21,FALL,24.08
2015-07-09,2027.81,RISE,11.60
2015-07-10,2031.17,RISE,3.36
2015-07-13,2061.52,RISE,30.35
2015-07-14,2059.23,FALL,2.29
2015-07-15,2072.91,RISE,13.68
2015-07-16,2087.89,RISE,14.98
2015-07-17,2076.79,FALL,11.10
2015-07-20,2073.31,FALL,3.48
2015-07-21,2083.62,RISE,10.31
2015-07-22,2064.73,FALL,18.89
2015-07-23,2065.07,RISE,0.34
2015-07-24,2045.96,FALL,19.11
2015-07-27,2038.81,FALL,7.15
2015-07-28,2039.10,RISE,0.29
2015-07-29,2037.62,FALL,1.48
2015-07-30,2019.03,FALL,18.59
2015-07-31,2030.16,RISE,11.13
2015-08-03,2008.49,FALL,21.67
2015-08-04,2027.99,RISE,19.50
2015-08-05,2029.76,RISE,1.77
2015-08-06,2013.29,FALL,16.47
2015-08-07,2010.23,FALL,3.06
2015-08-10,2003.17,FALL,7.06
2015-08-11,1986.65,FALL,16.52
2015-08-12,1975.47,FALL,11.18
2015-08-13,1983.46,RISE,7.99
2015-08-17,1968.52,FALL,14.94
2015-08-18,1956.26,FALL,12.26
2015-08-19,1939.38,FALL,16.88
2015-08-20,1914.55,FALL,24.83
2015-08-21,1876.07,FALL,38.48
2015-08-24,1829.81,FALL,46.26
2015-08-25,1846.63,RISE,16.82
2015-08-26,1894.09,RISE,47.46
2015-08-27,1908.00,RISE,13.91
2015-08-28,1937.67,RISE,29.67
2015-08-31,1941.49,RISE,3.82
2015-09-01,1914.23,FALL,27.26
2015-09-02,1915.22,RISE,0.99
2015-09-03,1915.53,RISE,0.31
2015-09-04,1886.04,FALL,29.49
2015-09-07,1883.22,FALL,2.82
2015-09-08,1878.68,FALL,4.54
2015-09-09,1934.20,RISE,55.52
2015-09-10,1962.11,RISE,27.91
2015-09-11,1941.37,FALL,20.74
2015-09-14,1931.46,FALL,9.91
2015-09-15,1937.56,RISE,6.10
2015-09-16,1975.45,RISE,37.89
2015-09-17,1976.49,RISE,1.04
2015-09-18,1995.95,RISE,19.46
2015-09-21,1964.68,FALL,31.27
2015-09-22,1982.06,RISE,17.38
2015-09-23,1944.64,FALL,37.42
2015-09-24,1947.10,RISE,2.46
2015-09-25,1942.85,FALL,4.25
2015-09-30,1962.81,RISE,19.96
2015-10-01,1979.32,RISE,16.51
2015-10-02,1969.68,FALL,9.64
2015-10-05,1978.25,RISE,8.57
2015-10-06,1990.65,RISE,12.40
2015-10-07,2005.84,RISE,15.19
2015-10-08,2019.53,RISE,13.69
2015-10-12,2021.63,RISE,2.10
2015-10-13,2019.05,FALL,2.58
2015-10-14,2009.55,FALL,9.50
2015-10-15,2033.27,RISE,23.72
2015-10-16,2030.26,FALL,3.01
2015-10-19,2030.27,RISE,0.01
2015-10-20,2039.36,RISE,9.09
2015-10-21,2042.98,RISE,3.62
2015-10-22,2023.00,FALL,19.98
2015-10-23,2040.40,RISE,17.40
2015-10-26,2048.08,RISE,7.68
2015-10-27,2044.65,FALL,3.43
2015-10-28,2042.51,FALL,2.14
2015-10-29,2034.16,FALL,8.35
2015-10-30,2029.47,FALL,4.69
2015-11-02,2035.24,RISE,5.77
2015-11-03,2048.40,RISE,13.16
2015-11-04,2052.77,RISE,4.37
2015-11-05,2049.41,FALL,3.36
2015-11-06,2041.07,FALL,8.34
2015-11-09,2025.70,FALL,15.37
2015-11-10,1996.59,FALL,29.11
2015-11-11,1997.27,RISE,0.68
2015-11-12,1993.36,FALL,3.91
2015-11-13,1973.29,FALL,20.07
2015-11-16,1943.02,FALL,30.27
2015-11-17,1963.58,RISE,20.56
2015-11-18,1962.88,FALL,0.70
2015-11-19,1988.91,RISE,26.03
2015-11-20,1989.86,RISE,0.95
2015-11-23,2003.70,RISE,13.84
2015-11-24,2016.29,RISE,12.59
2015-11-25,2009.42,FALL,6.87
2015-11-26,2030.68,RISE,21.26
2015-11-27,2028.99,FALL,1.69
2015-11-30,1991.97,FALL,37.02
2015-12-01,2023.93,RISE,31.96
2015-12-02,2009.29,FALL,14.64
2015-12-03,1994.07,FALL,15.22
2015-12-04,1974.40,FALL,19.67
2015-12-07,1963.67,FALL,10.73
2015-12-08,1949.04,FALL,14.63
2015-12-09,1948.24,FALL,0.80
2015-12-10,1952.07,RISE,3.83
2015-12-11,1948.62,FALL,3.45
2015-12-14,1927.82,FALL,20.80
2015-12-15,1932.97,RISE,5.15
2015-12-16,1969.40,RISE,36.43
2015-12-17,1977.96,RISE,8.56
2015-12-18,1975.32,FALL,2.64
2015-12-21,1981.19,RISE,5.87
2015-12-22,1992.56,RISE,11.37
2015-12-23,1999.22,RISE,6.66
2015-12-24,1990.65,FALL,8.57
2015-12-28,1964.06,FALL,26.59
2015-12-29,1966.31,RISE,2.25
2015-12-30,1961.31,FALL,5.00
2016-01-04,1918.76,FALL,42.55
2016-01-05,1930.53,RISE,11.77
2016-01-06,1925.43,FALL,5.10
2016-01-07,1904.33,FALL,21.10
2016-01-08,1917.62,RISE,13.29
2016-01-11,1894.84,FALL,22.78
2016-01-12,1890.86,FALL,3.98
2016-01-13,1916.28,RISE,25.42
2016-01-14,1900.01,FALL,16.27
2016-01-15,1878.87,FALL,21.14
2016-01-18,1878.45,FALL,0.42
2016-01-19,1889.64,RISE,11.19
2016-01-20,1845.45,FALL,44.19
2016-01-21,1840.53,FALL,4.92
2016-01-22,1879.43,RISE,38.90
2016-01-25,1893.43,RISE,14.00
2016-01-26,1871.69,FALL,21.74
2016-01-27,1897.87,RISE,26.18
2016-01-28,1906.94,RISE,9.07
2016-01-29,1912.06,RISE,5.12
2016-02-01,1924.82,RISE,12.76
2016-02-02,1906.60,FALL,18.22
2016-02-03,1890.67,FALL,15.93
2016-02-04,1916.26,RISE,25.59
2016-02-05,1917.79,RISE,1.53
2016-02-11,1861.54,FALL,56.25
2016-02-12,1835.28,FALL,26.26
2016-02-15,1862.20,RISE,26.92
2016-02-16,1888.30,RISE,26.10
2016-02-17,1883.94,FALL,4.36
2016-02-18,1908.84,RISE,24.90
2016-02-19,1916.24,RISE,7.40
2016-02-22,1916.36,RISE,0.12
2016-02-23,1914.22,FALL,2.14
2016-02-24,1912.53,FALL,1.69
2016-02-25,1918.57,RISE,6.04
2016-02-26,1920.16,RISE,1.59
2016-02-29,1916.66,FALL,3.50
2016-03-02,1947.42,RISE,30.76
2016-03-03,1958.17,RISE,10.75
2016-03-04,1955.63,FALL,2.54
2016-03-07,1957.87,RISE,2.24
2016-03-08,1946.12,FALL,11.75
2016-03-09,1952.95,RISE,6.83
2016-03-10,1969.33,RISE,16.38
2016-03-11,1971.41,RISE,2.08
2016-03-14,1972.27,RISE,0.86
2016-03-15,1969.97,FALL,2.30
2016-03-16,1974.90,RISE,4.93
2016-03-17,1987.99,RISE,13.09
2016-03-18,1992.12,RISE,4.13
2016-03-21,1989.76,FALL,2.36
2016-03-22,1996.81,RISE,7.05
2016-03-23,1995.12,FALL,1.69
2016-03-24,1985.97,FALL,9.15
2016-03-25,1983.81,FALL,2.16
2016-03-28,1982.54,FALL,1.27
2016-03-29,1994.91,RISE,12.37
2016-03-30,2002.14,RISE,7.23
2016-03-31,1995.85,FALL,6.29
2016-04-01,1973.57,FALL,22.28
2016-04-04,1978.97,RISE,5.40
2016-04-05,1962.74,FALL,16.23
2016-04-06,1971.32,RISE,8.58
2016-04-07,1973.89,RISE,2.57
2016-04-08,1972.05,FALL,1.84
2016-04-11,1970.37,FALL,1.68
2016-04-12,1981.32,RISE,10.95
2016-04-14,2015.93,RISE,34.61
2016-04-15,2014.71,FALL,1.22
2016-04-18,2009.10,FALL,5.61
2016-04-19,2011.36,RISE,2.26
2016-04-20,2005.83,FALL,5.53
2016-04-21,2022.10,RISE,16.27
2016-04-22,2015.49,FALL,6.61
2016-04-25,2014.55,FALL,0.94
2016-04-26,2019.63,RISE,5.08
2016-04-27,2015.40,FALL,4.23
2016-04-28,2000.93,FALL,14.47
2016-04-29,1994.15,FALL,6.78
2016-05-02,1978.15,FALL,16.00
2016-05-03,1986.41,RISE,8.26
2016-05-04,1976.71,FALL,9.70
2016-05-09,1967.81,FALL,8.90
2016-05-10,1982.50,RISE,14.69
2016-05-11,1980.10,FALL,2.40
2016-05-12,1977.49,FALL,2.61
2016-05-13,1966.99,FALL,10.50
2016-05-16,1967.91,RISE,0.92
2016-05-17,1968.06,RISE,0.15
2016-05-18,1956.73,FALL,11.33
2016-05-19,1946.78,FALL,9.95
2016-05-20,1947.67,RISE,0.89
2016-05-23,1955.25,RISE,7.58
2016-05-24,1937.68,FALL,17.57
2016-05-25,1960.51,RISE,22.83
2016-05-26,1957.06,FALL,3.45
2016-05-27,1969.17,RISE,12.11
2016-05-30,1967.13,FALL,2.04
2016-05-31,1983.40,RISE,16.27
2016-06-01,1982.72,FALL,0.68
2016-06-02,1985.11,RISE,2.39
2016-06-03,1985.84,RISE,0.73
2016-06-07,2011.63,RISE,25.79
2016-06-08,2027.08,RISE,15.45
2016-06-09,2024.17,FALL,2.91
2016-06-10,2017.63,FALL,6.54
2016-06-13,1979.06,FALL,38.57
2016-06-14,1972.03,FALL,7.03
2016-06-15,1968.83,FALL,3.20
2016-06-16,1951.99,FALL,16.84
2016-06-17,1953.40,RISE,1.41
2016-06-20,1981.12,RISE,27.72
2016-06-21,1982.70,RISE,1.58
2016-06-22,1992.58,RISE,9.88
2016-06-23,1986.71,FALL,5.87
2016-06-24,1925.24,FALL,61.47
2016-06-27,1926.85,RISE,1.61
2016-06-28,1936.22,RISE,9.37
2016-06-29,1956.36,RISE,20.14
2016-06-30,1970.35,RISE,13.99
2016-07-01,1987.32,RISE,16.97
2016-07-04,1995.30,RISE,7.98
2016-07-05,1989.85,FALL,5.45
2016-07-06,1953.12,FALL,36.73
2016-07-07,1974.08,RISE,20.96
2016-07-08,1963.10,FALL,10.98
2016-07-11,1988.54,RISE,25.44
2016-07-12,1991.23,RISE,2.69
2016-07-13,2005.55,RISE,14.32
2016-07-14,2008.77,RISE,3.22
2016-07-15,2017.26,RISE,8.49
2016-07-18,2021.11,RISE,3.85
2016-07-19,2016.89,FALL,4.22
2016-07-20,2015.46,FALL,1.43
2016-07-21,2012.22,FALL,3.24
2016-07-22,2010.34,FALL,1.88
2016-07-25,2012.32,RISE,1.98
2016-07-26,2027.34,RISE,15.02
2016-07-27,2025.05,FALL,2.29
2016-07-28,2021.10,FALL,3.95
2016-07-29,2016.19,FALL,4.91
2016-08-01,2029.61,RISE,13.42
2016-08-02,2019.03,FALL,10.58
2016-08-03,1994.79,FALL,24.24
2016-08-04,2000.03,RISE,5.24
2016-08-05,2017.94,RISE,17.91
2016-08-08,2031.12,RISE,13.18
2016-08-09,2043.78,RISE,12.66
2016-08-10,2044.64,RISE,0.86
2016-08-11,2048.80,RISE,4.16
2016-08-12,2050.47,RISE,1.67
2016-08-16,2047.76,FALL,2.71
2016-08-17,2043.75,FALL,4.01
2016-08-18,2055.47,RISE,11.72
2016-08-19,2056.24,RISE,0.77
2016-08-22,2042.16,FALL,14.08
2016-08-23,2049.93,RISE,7.77
2016-08-24,2043.76,FALL,6.17
2016-08-25,2042.92,FALL,0.84
2016-08-26,2037.50,FALL,5.42
2016-08-29,2032.35,FALL,5.15
2016-08-30,2039.74,RISE,7.39
2016-08-31,2034.65,FALL,5.09
2016-09-01,2032.72,FALL,1.93
2016-09-02,2038.31,RISE,5.59
2016-09-05,2060.08,RISE,21.77
2016-09-06,2066.53,RISE,6.45
2016-09-07,2061.88,FALL,4.65
2016-09-08,2063.73,RISE,1.85
2016-09-09,2037.87,FALL,25.86
2016-09-12,1991.48,FALL,46.39
2016-09-13,1999.36,RISE,7.88
2016-09-19,2015.78,RISE,16.42
2016-09-20,2025.71,RISE,9.93
2016-09-21,2035.99,RISE,10.28
2016-09-22,2049.70,RISE,13.71
2016-09-23,2054.07,RISE,4.37
2016-09-26,2047.11,FALL,6.96
2016-09-27,2062.82,RISE,15.71
2016-09-28,2053.06,FALL,9.76
2016-09-29,2068.72,RISE,15.66
2016-09-30,2043.63,FALL,25.09
2016-10-04,2054.86,RISE,11.23
2016-10-05,2053.00,FALL,1.86
2016-10-06,2065.30,RISE,12.30
2016-10-07,2053.80,FALL,11.50
2016-10-10,2056.82,RISE,3.02
2016-10-11,2031.93,FALL,24.89
2016-10-12,2033.73,RISE,1.80
2016-10-13,2015.44,FALL,18.29
2016-10-14,2022.66,RISE,7.22
2016-10-17,2027.61,RISE,4.95
2016-10-18,2040.43,RISE,12.82
2016-10-19,2040.94,RISE,0.51
2016-10-20,2040.60,FALL,0.34
2016-10-21,2033.00,FALL,7.60
2016-10-24,2047.74,RISE,14.74
2016-10-25,2037.17,FALL,10.57
2016-10-26,2013.89,FALL,23.28
2016-10-27,2024.12,RISE,10.23
2016-10-28,2019.42,FALL,4.70
2016-10-31,2008.19,FALL,11.23
2016-11-01,2007.39,FALL,0.80
2016-11-02,1978.94,FALL,28.45
2016-11-03,1983.80,RISE,4.86
2016-11-04,1982.02,FALL,1.78
2016-11-07,1997.58,RISE,15.56
2016-11-08,2003.38,RISE,5.80
2016-11-09,1958.38,FALL,45.00
2016-11-10,2002.60,RISE,44.22
2016-11-11,1984.43,FALL,18.17
2016-11-14,1974.40,FALL,10.03
2016-11-15,1967.53,FALL,6.87
2016-11-16,1979.65,RISE,12.12
2016-11-17,1980.55,RISE,0.90
2016-11-18,1974.58,FALL,5.97
2016-11-21,1966.05,FALL,8.53
2016-11-22,1983.47,RISE,17.42
2016-11-23,1987.95,RISE,4.48
2016-11-24,1971.26,FALL,16.69
2016-11-25,1974.46,RISE,3.20
2016-11-28,1978.13,RISE,3.67
2016-11-29,1978.39,RISE,0.26
2016-11-30,1983.48,RISE,5.09
2016-12-01,1983.75,RISE,0.27
2016-12-02,1970.61,FALL,13.14
2016-12-05,1963.36,FALL,7.25
2016-12-06,1989.86,RISE,26.50
2016-12-07,1991.89,RISE,2.03
2016-12-08,2031.07,RISE,39.18
2016-12-09,2024.69,FALL,6.38
2016-12-12,2027.24,RISE,2.55
2016-12-13,2035.98,RISE,8.74
2016-12-14,2036.87,RISE,0.89
2016-12-15,2036.65,FALL,0.22
2016-12-16,2042.24,RISE,5.59
2016-12-19,2038.39,FALL,3.85
2016-12-20,2041.94,RISE,3.55
2016-12-21,2037.96,FALL,3.98
2016-12-22,2035.73,FALL,2.23
2016-12-23,2035.90,RISE,0.17
2016-12-26,2037.75,RISE,1.85
2016-12-27,2042.17,RISE,4.42
2016-12-28,2024.49,FALL,17.68
2016-12-29,2026.46,RISE,1.97
2017-01-02,2026.16,FALL,0.30
2017-01-03,2043.97,RISE,17.81
2017-01-04,2045.64,RISE,1.67
2017-01-05,2041.95,FALL,3.69
2017-01-06,2049.12,RISE,7.17
2017-01-09,2048.78,FALL,0.34
2017-01-10,2045.12,FALL,3.66
2017-01-11,2075.17,RISE,30.05
2017-01-12,2087.14,RISE,11.97
2017-01-13,2076.79,FALL,10.35
2017-01-16,2064.17,FALL,12.62
2017-01-17,2071.87,RISE,7.70
2017-01-18,2070.54,FALL,1.33
2017-01-19,2072.79,RISE,2.25
2017-01-20,2065.61,FALL,7.18
2017-01-23,2065.99,RISE,0.38
2017-01-24,2065.76,FALL,0.23
2017-01-25,2066.94,RISE,1.18
2017-01-26,2083.59,RISE,16.65
2017-01-31,2067.57,FALL,16.02
2017-02-01,2080.48,RISE,12.91
2017-02-02,2071.01,FALL,9.47
2017-02-03,2073.16,RISE,2.15
2017-02-06,2077.66,RISE,4.50
2017-02-07,2075.21,FALL,2.45
2017-02-08,2065.08,FALL,10.13
2017-02-09,2065.88,RISE,0.80
2017-02-10,2075.08,RISE,9.20
2017-02-13,2078.65,RISE,3.57
2017-02-14,2074.57,FALL,4.08
2017-02-15,2083.86,RISE,9.29
2017-02-16,2081.84,FALL,2.02
2017-02-17,2080.58,FALL,1.26
2017-02-20,2084.39,RISE,3.81
2017-02-21,2102.93,RISE,18.54
2017-02-22,2106.61,RISE,3.68
2017-02-23,2107.63,RISE,1.02
2017-02-24,2094.12,FALL,13.51
2017-02-27,2085.52,FALL,8.60
2017-02-28,2091.64,RISE,6.12
2017-03-02,2102.65,RISE,11.01
2017-03-03,2078.75,FALL,23.90
2017-03-06,2081.36,RISE,2.61
2017-03-07,2094.05,RISE,12.69
2017-03-08,2095.41,RISE,1.36
2017-03-09,2091.06,FALL,4.35
2017-03-10,2097.35,RISE,6.29
2017-03-13,2117.59,RISE,20.24
2017-03-14,2133.78,RISE,16.19
2017-03-15,2133.00,FALL,0.78
2017-03-16,2150.08,RISE,17.08
2017-03-17,2164.58,RISE,14.50
2017-03-20,2157.01,FALL,7.57
2017-03-21,2178.38,RISE,21.37
2017-03-22,2168.30,FALL,10.08
2017-03-23,2172.72,RISE,4.42
2017-03-24,2168.95,FALL,3.77
2017-03-27,2155.66,FALL,13.29
2017-03-28,2163.31,RISE,7.65
2017-03-29,2166.98,RISE,3.67
2017-03-30,2164.64,FALL,2.34
2017-03-31,2160.23,FALL,4.41
2017-04-03,2167.51,RISE,7.28
2017-04-04,2161.10,FALL,6.41
2017-04-05,2160.85,FALL,0.25
2017-04-06,2152.75,FALL,8.10
2017-04-07,2151.73,FALL,1.02
2017-04-10,2133.32,FALL,18.41
2017-04-11,2123.85,FALL,9.47
2017-04-12,2128.91,RISE,5.06
2017-04-13,2148.61,RISE,19.70
2017-04-14,2134.88,FALL,13.73
2017-04-17,2145.76,RISE,10.88
2017-04-18,2148.46,RISE,2.70
2017-04-19,2138.40,FALL,10.06
2017-04-20,2149.15,RISE,10.75
2017-04-21,2165.04,RISE,15.89
2017-04-24,2173.74,RISE,8.70
2017-04-25,2196.85,RISE,23.11
2017-04-26,2207.84,RISE,10.99
2017-04-27,2209.46,RISE,1.62
2017-04-28,2205.44,FALL,4.02
2017-05-02,2219.67,RISE,14.23
2017-05-04,2241.24,RISE,21.57
2017-05-08,2292.76,RISE,51.52
2017-05-10,2270.12,FALL,22.64
2017-05-11,2296.37,RISE,26.25
2017-05-12,2286.02,FALL,10.35
2017-05-15,2290.65,RISE,4.63
2017-05-16,2295.33,RISE,4.68
2017-05-17,2293.08,FALL,2.25
2017-05-18,2286.82,FALL,6.26
2017-05-19,2288.48,RISE,1.66
2017-05-22,2304.03,RISE,15.55
2017-05-23,2311.74,RISE,7.71
2017-05-24,2317.34,RISE,5.60
2017-05-25,2342.93,RISE,25.59
2017-05-26,2355.30,RISE,12.37
2017-05-29,2352.97,FALL,2.33
2017-05-30,2343.68,FALL,9.29
2017-05-31,2347.38,RISE,3.70
2017-06-01,2344.61,FALL,2.77
2017-06-02,2371.72,RISE,27.11
2017-06-05,2368.62,FALL,3.10
2017-06-07,2360.14,FALL,8.48
2017-06-08,2363.57,RISE,3.43
2017-06-09,2381.69,RISE,18.12
2017-06-12,2357.87,FALL,23.82
2017-06-13,2374.70,RISE,16.83
2017-06-14,2372.64,FALL,2.06
2017-06-15,2361.65,FALL,10.99
2017-06-16,2361.83,RISE,0.18
2017-06-19,2370.90,RISE,9.07
2017-06-20,2369.23,FALL,1.67
2017-06-21,2357.53,FALL,11.70
2017-06-22,2370.37,RISE,12.84
2017-06-23,2378.60,RISE,8.23
2017-06-26,2388.66,RISE,10.06
2017-06-27,2391.95,RISE,3.29
2017-06-28,2382.56,FALL,9.39
2017-06-29,2395.66,RISE,13.10
2017-06-30,2391.79,FALL,3.87
2017-07-03,2394.48,RISE,2.69
2017-07-04,2380.52,FALL,13.96
2017-07-05,2388.35,RISE,7.83
2017-07-06,2387.81,FALL,0.54
2017-07-07,2379.87,FALL,7.94
2017-07-10,2382.10,RISE,2.23
2017-07-11,2396.00,RISE,13.90
2017-07-12,2391.77,FALL,4.23
2017-07-13,2409.49,RISE,17.72
2017-07-14,2414.63,RISE,5.14
2017-07-17,2425.10,RISE,10.47
2017-07-18,2426.04,RISE,0.94
2017-07-19,2429.94,RISE,3.90
2017-07-20,2441.84,RISE,11.90
2017-07-21,2450.06,RISE,8.22
2017-07-24,2451.53,RISE,1.47
2017-07-25,2439.90,FALL,11.63
2017-07-26,2434.51,FALL,5.39
2017-07-27,2443.24,RISE,8.73
2017-07-28,2400.99,FALL,42.25
2017-07-31,2402.71,RISE,1.72
2017-08-01,2422.96,RISE,20.25
2017-08-02,2427.63,RISE,4.67
2017-08-03,2386.85,FALL,40.78
2017-08-04,2395.45,RISE,8.60
2017-08-07,2398.75,RISE,3.30
2017-08-08,2394.73,FALL,4.02
2017-08-09,2368.39,FALL,26.34
2017-08-10,2359.47,FALL,8.92
2017-08-11,2319.71,FALL,39.76
2017-08-14,2334.22,RISE,14.51
2017-08-16,2348.26,RISE,14.04
2017-08-17,2361.67,RISE,13.41
2017-08-18,2358.37,FALL,3.30
2017-08-21,2355.00,FALL,3.37
2017-08-22,2365.33,RISE,10.33
2017-08-23,2366.40,RISE,1.07
2017-08-24,2375.84,RISE,9.44
2017-08-25,2378.51,RISE,2.67
2017-08-28,2370.30,FALL,8.21
2017-08-29,2364.74,FALL,5.56
2017-08-30,2372.29,RISE,7.55
2017-08-31,2363.19,FALL,9.10
2017-09-01,2357.69,FALL,5.50
2017-09-04,2329.65,FALL,28.04
2017-09-05,2326.62,FALL,3.03
2017-09-06,2319.82,FALL,6.80
2017-09-07,2346.19,RISE,26.37
2017-09-08,2343.72,FALL,2.47
2017-09-11,2359.08,RISE,15.36
2017-09-12,2365.47,RISE,6.39
2017-09-13,2360.18,FALL,5.29
2017-09-14,2377.66,RISE,17.48
2017-09-15,2386.07,RISE,8.41
2017-09-18,2418.21,RISE,32.14
2017-09-19,2416.05,FALL,2.16
2017-09-20,2412.20,FALL,3.85
2017-09-21,2406.50,FALL,5.70
2017-09-22,2388.71,FALL,17.79
2017-09-25,2380.40,FALL,8.31
2017-09-26,2374.32,FALL,6.08
2017-09-27,2372.57,FALL,1.75
2017-09-28,2373.14,RISE,0.57
2017-09-29,2394.47,RISE,21.33
2017-10-10,2433.81,RISE,39.34
2017-10-11,2458.16,RISE,24.35
2017-10-12,2474.76,RISE,16.60
2017-10-13,2473.62,FALL,1.14
2017-10-16,2480.05,RISE,6.43
2017-10-17,2484.37,RISE,4.32
2017-10-18,2482.91,FALL,1.46
2017-10-19,2473.06,FALL,9.85
2017-10-20,2489.54,RISE,16.48
2017-10-23,2490.05,RISE,0.51
2017-10-24,2490.49,RISE,0.44
2017-10-25,2492.50,RISE,2.01
2017-10-26,2480.63,FALL,11.87
2017-10-27,2496.63,RISE,16.00
2017-10-30,2501.93,RISE,5.30
2017-10-31,2523.43,RISE,21.50
2017-11-01,2556.47,RISE,33.04
2017-11-02,2546.36,FALL,10.11
2017-11-03,2557.97,RISE,11.61
2017-11-06,2549.41,FALL,8.56
2017-11-07,2545.44,FALL,3.97
2017-11-08,2552.40,RISE,6.96
2017-11-09,2550.57,FALL,1.83
2017-11-10,2542.95,FALL,7.62
2017-11-13,2530.35,FALL,12.60
2017-11-14,2526.64,FALL,3.71
2017-11-15,2518.25,FALL,8.39
2017-11-16,2534.79,RISE,16.54
2017-11-17,2533.99,FALL,0.80
2017-11-20,2527.67,FALL,6.32
2017-11-21,2530.70,RISE,3.03
2017-11-22,2540.51,RISE,9.81
2017-11-23,2537.15,FALL,3.36
2017-11-24,2544.33,RISE,7.18
2017-11-27,2507.81,FALL,36.52
2017-11-28,2514.19,RISE,6.38
2017-11-29,2512.90,FALL,1.29
2017-11-30,2476.37,FALL,36.53
2017-12-01,2475.41,FALL,0.96
2017-12-04,2501.67,RISE,26.26
2017-12-05,2510.12,RISE,8.45
2017-12-06,2474.37,FALL,35.75
2017-12-07,2461.98,FALL,12.39
2017-12-08,2464.00,RISE,2.02
2017-12-11,2471.49,RISE,7.49
2017-12-12,2461.00,FALL,10.49
2017-12-13,2480.55,RISE,19.55
2017-12-14,2469.48,FALL,11.07
2017-12-15,2482.07,RISE,12.59
2017-12-18,2481.88,FALL,0.19
2017-12-19,2478.53,FALL,3.35
2017-12-20,2472.37,FALL,6.16
2017-12-21,2429.83,FALL,42.54
2017-12-22,2440.54,RISE,10.71
2017-12-26,2427.34,FALL,13.20
2017-12-27,2436.67,RISE,9.33
2017-12-28,2467.49,RISE,30.82
2018-01-02,2479.65,RISE,12.16
2018-01-03,2486.35,RISE,6.70
2018-01-04,2466.46,FALL,19.89
2018-01-05,2497.52,RISE,31.06
2018-01-08,2513.28,RISE,15.76
2018-01-09,2510.23,FALL,3.05
2018-01-10,2499.75,FALL,10.48
2018-01-11,2487.91,FALL,11.84
2018-01-12,2496.42,RISE,8.51
2018-01-15,2503.73,RISE,7.31
2018-01-16,2521.74,RISE,18.01
2018-01-17,2515.43,FALL,6.31
2018-01-18,2515.81,RISE,0.38
2018-01-19,2520.26,RISE,4.45
2018-01-22,2502.11,FALL,18.15
2018-01-23,2536.60,RISE,34.49
2018-01-24,2538.00,RISE,1.40
2018-01-25,2562.23,RISE,24.23
2018-01-26,2574.76,RISE,12.53
2018-01-29,2598.19,RISE,23.43
2018-01-30,2567.74,FALL,30.45
2018-01-31,2566.46,FALL,1.28
2018-02-01,2568.54,RISE,2.08
2018-02-02,2525.39,FALL,43.15
2018-02-05,2491.75,FALL,33.64
2018-02-06,2453.31,FALL,38.44
2018-02-07,2396.56,FALL,56.75
2018-02-08,2407.62,RISE,11.06
2018-02-09,2363.77,FALL,43.85
2018-02-12,2385.38,RISE,21.61
2018-02-13,2395.19,RISE,9.81
2018-02-14,2421.83,RISE,26.64
2018-02-19,2442.82,RISE,20.99
2018-02-20,2415.12,FALL,27.70
2018-02-21,2429.65,RISE,14.53
2018-02-22,2414.28,FALL,15.37
2018-02-23,2451.52,RISE,37.24
2018-02-26,2457.65,RISE,6.13
2018-02-27,2456.14,FALL,1.51
2018-02-28,2427.36,FALL,28.78
2018-03-02,2402.16,FALL,25.20
2018-03-05,2375.06,FALL,27.10
2018-03-06,2411.41,RISE,36.35
2018-03-07,2401.82,FALL,9.59
2018-03-08,2433.08,RISE,31.26
2018-03-09,2459.45,RISE,26.37
2018-03-12,2484.12,RISE,24.67
2018-03-13,2494.49,RISE,10.37
2018-03-14,2486.08,FALL,8.41
2018-03-15,2492.38,RISE,6.30
2018-03-16,2493.97,RISE,1.59
2018-03-19,2475.03,FALL,18.94
2018-03-20,2485.52,RISE,10.49
2018-03-21,2484.97,FALL,0.55
2018-03-22,2496.02,RISE,11.05
2018-03-23,2416.76,FALL,79.26
2018-03-26,2437.08,RISE,20.32
2018-03-27,2452.06,RISE,14.98
2018-03-28,2419.29,FALL,32.77
2018-03-29,2436.37,RISE,17.08
2018-03-30,2445.85,RISE,9.48
2018-04-02,2444.16,FALL,1.69
2018-04-03,2442.43,FALL,1.73
2018-04-04,2408.06,FALL,34.37
2018-04-05,2437.52,RISE,29.46
2018-04-06,2429.58,FALL,7.94
2018-04-09,2444.08,RISE,14.50
2018-04-10,2450.74,RISE,6.66
2018-04-11,2444.22,FALL,6.52
2018-04-12,2442.71,FALL,1.51
2018-04-13,2455.07,RISE,12.36
2018-04-16,2457.49,RISE,2.42
2018-04-17,2453.77,FALL,3.72
2018-04-18,2479.98,RISE,26.21
2018-04-19,2486.10,RISE,6.12
2018-04-20,2476.33,FALL,9.77
2018-04-23,2474.11,FALL,2.22
2018-04-24,2464.14,FALL,9.97
2018-04-25,2448.81,FALL,15.33
2018-04-26,2475.64,RISE,26.83
2018-04-27,2492.40,RISE,16.76
2018-04-30,2515.38,RISE,22.98
2018-05-02,2505.61,FALL,9.77
2018-05-03,2487.25,FALL,18.36
2018-05-04,2461.38,FALL,25.87
2018-05-08,2449.81,FALL,11.57
2018-05-09,2443.98,FALL,5.83
2018-05-10,2464.16,RISE,20.18
2018-05-11,2477.71,RISE,13.55
2018-05-14,2476.11,FALL,1.60
2018-05-15,2458.54,FALL,17.57
2018-05-16,2459.82,RISE,1.28
2018-05-17,2448.45,FALL,11.37
2018-05-18,2460.65,RISE,12.20
2018-05-21,2465.57,RISE,4.92
2018-05-23,2471.91,RISE,6.34
2018-05-24,2466.01,FALL,5.90
2018-05-25,2460.80,FALL,5.21
2018-05-28,2478.96,RISE,18.16
2018-05-29,2457.25,FALL,21.71
2018-05-30,2409.03,FALL,48.22
2018-05-31,2423.01,RISE,13.98
2018-06-01,2438.96,RISE,15.95
2018-06-04,2447.76,RISE,8.80
2018-06-05,2453.76,RISE,6.00
2018-06-07,2470.58,RISE,16.82
2018-06-08,2451.58,FALL,19.00
2018-06-11,2470.15,RISE,18.57
2018-06-12,2468.83,FALL,1.32
2018-06-14,2423.48,FALL,45.35
2018-06-15,2404.04,FALL,19.44
2018-06-18,2376.24,FALL,27.80
2018-06-19,2340.11,FALL,36.13
2018-06-20,2363.91,RISE,23.80
2018-06-21,2337.83,FALL,26.08
2018-06-22,2357.22,RISE,19.39
2018-06-25,2357.88,RISE,0.66
2018-06-26,2350.92,FALL,6.96
2018-06-27,2342.03,FALL,8.89
2018-06-28,2314.24,FALL,27.79
2018-06-29,2326.13,RISE,11.89
2018-07-02,2271.54,FALL,54.59
2018-07-03,2272.76,RISE,1.22
2018-07-04,2265.46,FALL,7.30
2018-07-05,2257.55,FALL,7.91
2018-07-06,2272.87,RISE,15.32
2018-07-09,2285.80,RISE,12.93
2018-07-10,2294.16,RISE,8.36
2018-07-11,2280.62,FALL,13.54
2018-07-12,2285.06,RISE,4.44
2018-07-13,2310.90,RISE,25.84
2018-07-16,2301.99,FALL,8.91
2018-07-17,2297.92,FALL,4.07
2018-07-18,2290.11,FALL,7.81
2018-07-19,2282.29,FALL,7.82
2018-07-20,2289.19,RISE,6.90
2018-07-23,2269.31,FALL,19.88
2018-07-24,2280.20,RISE,10.89
2018-07-25,2273.03,FALL,7.17
2018-07-26,2289.06,RISE,16.03
2018-07-27,2294.99,RISE,5.93
2018-07-30,2293.51,FALL,1.48
2018-07-31,2295.26,RISE,1.75
2018-08-01,2307.07,RISE,11.81
2018-08-02,2270.20,FALL,36.87
2018-08-03,2287.68,RISE,17.48
2018-08-06,2286.50,FALL,1.18
2018-08-07,2300.16,RISE,13.66
2018-08-08,2301.45,RISE,1.29
2018-08-09,2303.71,RISE,2.26
2018-08-10,2282.79,FALL,20.92
2018-08-13,2248.45,FALL,34.34
2018-08-14,2258.91,RISE,10.46
2018-08-16,2240.80,FALL,18.11
2018-08-17,2247.05,RISE,6.25
2018-08-20,2247.88,RISE,0.83
2018-08-21,2270.06,RISE,22.18
2018-08-22,2273.33,RISE,3.27
2018-08-23,2282.60,RISE,9.27
2018-08-24,2293.21,RISE,10.61
2018-08-27,2299.30,RISE,6.09
2018-08-28,2303.12,RISE,3.82
2018-08-29,2309.03,RISE,5.91
2018-08-30,2307.35,FALL,1.68
2018-08-31,2322.88,RISE,15.53
2018-09-03,2307.03,FALL,15.85
2018-09-04,2315.72,RISE,8.69
2018-09-05,2291.77,FALL,23.95
2018-09-06,2287.61,FALL,4.16
2018-09-07,2281.58,FALL,6.03
2018-09-10,2288.66,RISE,7.08
2018-09-11,2283.20,FALL,5.46
2018-09-12,2282.92,FALL,0.28
2018-09-13,2286.23,RISE,3.31
2018-09-14,2318.25,RISE,32.02
2018-09-17,2303.01,FALL,15.24
2018-09-18,2308.98,RISE,5.97
2018-09-19,2308.46,FALL,0.52
2018-09-20,2323.45,RISE,14.99
2018-09-21,2339.17,RISE,15.72
2018-09-27,2355.43,RISE,16.26
2018-09-28,2343.07,FALL,12.36
2018-10-01,2338.88,FALL,4.19
2018-10-02,2309.57,FALL,29.31
2018-10-04,2274.49,FALL,35.08
2018-10-05,2267.52,FALL,6.97
2018-10-08,2253.83,FALL,13.69
2018-10-10,2228.61,FALL,25.22
2018-10-11,2129.67,FALL,98.94
2018-10-12,2161.85,RISE,32.18
2018-10-15,2145.12,FALL,16.73
2018-10-16,2145.12,EVEN,0.00
2018-10-17,2167.51,RISE,22.39
2018-10-18,2148.31,FALL,19.20
2018-10-19,2156.26,RISE,7.95
2018-10-22,2161.71,RISE,5.45
2018-10-23,2106.10,FALL,55.61
2018-10-24,2097.58,FALL,8.52
2018-10-25,2063.30,FALL,34.28
2018-10-26,2027.15,FALL,36.15
2018-10-29,1996.05,FALL,31.10
2018-10-30,2014.69,RISE,18.64
2018-10-31,2029.69,RISE,15.00
2018-11-01,2024.46,FALL,5.23
2018-11-02,2096.00,RISE,71.54
2018-11-05,2076.92,FALL,19.08
2018-11-06,2089.62,RISE,12.70
2018-11-07,2078.69,FALL,10.93
2018-11-08,2092.63,RISE,13.94
2018-11-09,2086.09,FALL,6.54
2018-11-12,2080.44,FALL,5.65
2018-11-13,2071.23,FALL,9.21
2018-11-14,2068.05,FALL,3.18
2018-11-15,2088.06,RISE,20.01
2018-11-16,2092.40,RISE,4.34
2018-11-19,2100.56,RISE,8.16
2018-11-20,2082.58,FALL,17.98
2018-11-21,2076.55,FALL,6.03
2018-11-22,2069.95,FALL,6.60
2018-11-23,2057.48,FALL,12.47
2018-11-26,2083.02,RISE,25.54
2018-11-27,2099.42,RISE,16.40
2018-11-28,2108.22,RISE,8.80
2018-11-29,2114.10,RISE,5.88
2018-11-30,2096.86,FALL,17.24
2018-12-03,2131.93,RISE,35.07
2018-12-04,2114.35,FALL,17.58
2018-12-05,2101.31,FALL,13.04
2018-12-06,2068.69,FALL,32.62
2018-12-07,2075.76,RISE,7.07
2018-12-10,2053.79,FALL,21.97
2018-12-11,2052.97,FALL,0.82
2018-12-12,2082.57,RISE,29.60
2018-12-13,2095.55,RISE,12.98
2018-12-14,2069.38,FALL,26.17
2018-12-17,2071.09,RISE,1.71
2018-12-18,2062.11,FALL,8.98
2018-12-19,2078.84,RISE,16.73
2018-12-20,2060.12,FALL,18.72
2018-12-21,2061.49,RISE,1.37
2018-12-24,2055.01,FALL,6.48
2018-12-26,2028.01,FALL,27.00
2018-12-27,2028.44,RISE,0.43
2018-12-28,2041.04,RISE,12.60
2019-01-02,2010.00,FALL,31.04
2019-01-03,1993.70,FALL,16.30
2019-01-04,2010.25,RISE,16.55
2019-01-07,2037.10,RISE,26.85
2019-01-08,2025.27,FALL,11.83
2019-01-09,2064.71,RISE,39.44
2019-01-10,2063.28,FALL,1.43
2019-01-11,2075.57,RISE,12.29
2019-01-14,2064.52,FALL,11.05
2019-01-15,2097.18,RISE,32.66
2019-01-16,2106.10,RISE,8.92
2019-01-17,2107.06,RISE,0.96
2019-01-18,2124.28,RISE,17.22
2019-01-21,2124.61,RISE,0.33
2019-01-22,2117.77,FALL,6.84
2019-01-23,2127.78,RISE,10.01
2019-01-24,2145.03,RISE,17.25
2019-01-25,2177.73,RISE,32.70
2019-01-28,2177.30,FALL,0.43
2019-01-29,2183.36,RISE,6.06
2019-01-30,2206.20,RISE,22.84
2019-01-31,2204.85,FALL,1.35
2019-02-01,2203.46,FALL,1.39
2019-02-07,2203.42,FALL,0.04
2019-02-08,2177.05,FALL,26.37
2019-02-11,2180.73,RISE,3.68
2019-02-12,2190.47,RISE,9.74
2019-02-13,2201.48,RISE,11.01
2019-02-14,2225.85,RISE,24.37
2019-02-15,2196.09,FALL,29.76
2019-02-18,2210.89,RISE,14.80
2019-02-19,2205.63,FALL,5.26
2019-02-20,2229.76,RISE,24.13
2019-02-21,2228.66,FALL,1.10
2019-02-22,2230.50,RISE,1.84
2019-02-25,2232.56,RISE,2.06
2019-02-26,2226.60,FALL,5.96
2019-02-27,2234.79,RISE,8.19
2019-02-28,2195.44,FALL,39.35
2019-03-04,2190.66,FALL,4.78
2019-03-05,2179.23,FALL,11.43
2019-03-06,2175.60,FALL,3.63
2019-03-07,2165.79,FALL,9.81
2019-03-08,2137.44,FALL,28.35
2019-03-11,2138.10,RISE,0.66
2019-03-12,2157.18,RISE,19.08
2019-03-13,2148.41,FALL,8.77
2019-03-14,2155.68,RISE,7.27
2019-03-15,2176.11,RISE,20.43
2019-03-18,2179.49,RISE,3.38
2019-03-19,2177.62,FALL,1.87
2019-03-20,2177.10,FALL,0.52
2019-03-21,2184.88,RISE,7.78
2019-03-22,2186.95,RISE,2.07
2019-03-25,2144.86,FALL,42.09
2019-03-26,2148.80,RISE,3.94
2019-03-27,2145.62,FALL,3.18
2019-03-28,2128.10,FALL,17.52
2019-03-29,2140.67,RISE,12.57
2019-04-01,2168.28,RISE,27.61
2019-04-02,2177.18,RISE,8.90
2019-04-03,2203.27,RISE,26.09
2019-04-04,2206.53,RISE,3.26
2019-04-05,2209.61,RISE,3.08
2019-04-08,2210.60,RISE,0.99
2019-04-09,2213.56,RISE,2.96
2019-04-10,2224.39,RISE,10.83
2019-04-11,2224.44,RISE,0.05
2019-04-12,2233.45,RISE,9.01
2019-04-15,2242.88,RISE,9.43
2019-04-16,2248.63,RISE,5.75
2019-04-17,2245.89,FALL,2.74
2019-04-18,2213.77,FALL,32.12
2019-04-19,2216.15,RISE,2.38
2019-04-22,2216.65,RISE,0.50
2019-04-23,2220.51,RISE,3.86
2019-04-24,2201.03,FALL,19.48
2019-04-25,2190.50,FALL,10.53
2019-04-26,2179.31,FALL,11.19
2019-04-29,2216.43,RISE,37.12
2019-04-30,2203.59,FALL,12.84
2019-05-02,2212.75,RISE,9.16
2019-05-03,2196.32,FALL,16.43
2019-05-07,2176.99,FALL,19.33
2019-05-08,2168.01,FALL,8.98
2019-05-09,2102.01,FALL,66.00
2019-05-10,2108.04,RISE,6.03
2019-05-13,2079.01,FALL,29.03
2019-05-14,2081.84,RISE,2.83
2019-05-15,2092.78,RISE,10.94
2019-05-16,2067.69,FALL,25.09
2019-05-17,2055.80,FALL,11.89
2019-05-20,2055.71,FALL,0.09
2019-05-21,2061.25,RISE,5.54
2019-05-22,2064.86,RISE,3.61
2019-05-23,2059.59,FALL,5.27
2019-05-24,2045.31,FALL,14.28
2019-05-27,2044.21,FALL,1.10
2019-05-28,2048.83,RISE,4.62
2019-05-29,2023.32,FALL,25.51
2019-05-30,2038.80,RISE,15.48
2019-05-31,2041.74,RISE,2.94
2019-06-03,2067.85,RISE,26.11
2019-06-04,2066.97,FALL,0.88
2019-06-05,2069.11,RISE,2.14
2019-06-07,2072.33,RISE,3.22
2019-06-10,2099.49,RISE,27.16
2019-06-11,2111.81,RISE,12.32
2019-06-12,2108.75,FALL,3.06
2019-06-13,2103.15,FALL,5.60
2019-06-14,2095.41,FALL,7.74
2019-06-17,2090.73,FALL,4.68
2019-06-18,2098.71,RISE,7.98
2019-06-19,2124.78,RISE,26.07
2019-06-20,2131.29,RISE,6.51
2019-06-21,2125.62,FALL,5.67
2019-06-24,2126.33,RISE,0.71
2019-06-25,2121.64,FALL,4.69
2019-06-26,2121.85,RISE,0.21
2019-06-27,2134.32,RISE,12.47
2019-06-28,2130.62,FALL,3.70
2019-07-01,2129.74,FALL,0.88
2019-07-02,2122.02,FALL,7.72
2019-07-03,2096.02,FALL,26.00
2019-07-04,2108.73,RISE,12.71
2019-07-05,2110.59,RISE,1.86
2019-07-08,2064.17,FALL,46.42
2019-07-09,2052.03,FALL,12.14
2019-07-10,2058.78,RISE,6.75
2019-07-11,2080.58,RISE,21.80
2019-07-12,2086.66,RISE,6.08
2019-07-15,2082.48,FALL,4.18
2019-07-16,2091.87,RISE,9.39
2019-07-17,2072.92,FALL,18.95
2019-07-18,2066.55,FALL,6.37
2019-07-19,2094.36,RISE,27.81
2019-07-22,2093.34,FALL,1.02
2019-07-23,2101.45,RISE,8.11
2019-07-24,2082.30,FALL,19.15
2019-07-25,2074.48,FALL,7.82
2019-07-26,2066.26,FALL,8.22
2019-07-29,2029.48,FALL,36.78
2019-07-30,2038.68,RISE,9.20
2019-07-31,2024.55,FALL,14.13
2019-08-01,2017.34,FALL,7.21
2019-08-02,1998.13,FALL,19.21
2019-08-05,1946.98,FALL,51.15
2019-08-06,1917.50,FALL,29.48
2019-08-07,1909.71,FALL,7.79
2019-08-08,1920.61,RISE,10.90
2019-08-09,1937.75,RISE,17.14
2019-08-12,1942.29,RISE,4.54
2019-08-13,1925.83,FALL,16.46
2019-08-14,1938.37,RISE,12.54
2019-08-16,1927.17,FALL,11.20
2019-08-19,1939.90,RISE,12.73
2019-08-20,1960.25,RISE,20.35
2019-08-21,1964.65,RISE,4.40
2019-08-22,1951.01,FALL,13.64
2019-08-23,1948.30,FALL,2.71
2019-08-26,1916.31,FALL,31.99
2019-08-27,1924.60,RISE,8.29
2019-08-28,1941.09,RISE,16.49
2019-08-29,1933.41,FALL,7.68
2019-08-30,1967.79,RISE,34.38
2019-09-02,1969.19,RISE,1.40
2019-09-03,1965.69,FALL,3.50
2019-09-04,1988.53,RISE,22.84
2019-09-05,2004.75,RISE,16.22
2019-09-06,2009.13,RISE,4.38
2019-09-09,2019.55,RISE,10.42
2019-09-10,2032.08,RISE,12.53
2019-09-11,2049.20,RISE,17.12
2019-09-16,2062.22,RISE,13.02
2019-09-17,2062.33,RISE,0.11
2019-09-18,2070.73,RISE,8.40
2019-09-19,2080.35,RISE,9.62
2019-09-20,2091.52,RISE,11.17
2019-09-23,2091.70,RISE,0.18
2019-09-24,2101.04,RISE,9.34
2019-09-25,2073.39,FALL,27.65
2019-09-26,2074.52,RISE,1.13
2019-09-27,2049.93,FALL,24.59
2019-09-30,2063.05,RISE,13.12
2019-10-01,2072.42,RISE,9.37
2019-10-02,2031.91,FALL,40.51
2019-10-04,2020.69,FALL,11.22
2019-10-07,2021.73,RISE,1.04
2019-10-08,2046.25,RISE,24.52
2019-10-10,2028.15,FALL,18.10
2019-10-11,2044.61,RISE,16.46
2019-10-14,2067.40,RISE,22.79
2019-10-15,2068.17,RISE,0.77
2019-10-16,2082.83,RISE,14.66
2019-10-17,2077.94,FALL,4.89
2019-10-18,2060.69,FALL,17.25
2019-10-21,2064.84,RISE,4.15
2019-10-22,2088.86,RISE,24.02
2019-10-23,2080.62,FALL,8.24
2019-10-24,2085.66,RISE,5.04
2019-10-25,2087.89,RISE,2.23
2019-10-28,2093.60,RISE,5.71
2019-10-29,2092.69,FALL,0.91
2019-10-30,2080.27,FALL,12.42
2019-10-31,2083.48,RISE,3.21
2019-11-01,2100.20,RISE,16.72
2019-11-04,2130.24,RISE,30.04
2019-11-05,2142.64,RISE,12.40
2019-11-06,2144.15,RISE,1.51
2019-11-07,2144.29,RISE,0.14
2019-11-08,2137.23,FALL,7.06
2019-11-11,2124.09,FALL,13.14
2019-11-12,2140.92,RISE,16.83
2019-11-13,2122.45,FALL,18.47
2019-11-14,2139.23,RISE,16.78
2019-11-15,2162.18,RISE,22.95
2019-11-18,2160.69,FALL,1.49
2019-11-19,2153.24,FALL,7.45
2019-11-20,2125.32,FALL,27.92
2019-11-21,2096.60,FALL,28.72
2019-11-22,2101.96,RISE,5.36
2019-11-25,2123.50,RISE,21.54
2019-11-26,2121.35,FALL,2.15
2019-11-27,2127.85,RISE,6.50
2019-11-28,2118.60,FALL,9.25
2019-11-29,2087.96,FALL,30.64
2019-12-02,2091.92,RISE,3.96
2019-12-03,2084.07,FALL,7.85
2019-12-04,2068.89,FALL,15.18
2019-12-05,2060.74,FALL,8.15
2019-12-06,2081.85,RISE,21.11
